﻿author,rating,title,content,updated_date
Meryzi,5,만족해요,아주 간편하고 좋습니당!,2025-07-02T07:51:40-07:00
👍헬리,5,🫶👍👍👍👍👍👍👍,🫶🫶🫶🫶🫶👍👍👍👍,2025-07-02T07:40:00-07:00
나의 kb,5,정기예금,상품가입 절차와 만기예상금액 예시로 쉽게 알려줘 좋았다.,2025-07-02T03:44:19-07:00
코코 맘미,5,정기예금,가입도 간편하고 좋네요 행복한 미래를 응원해 주세요,2025-07-02T03:15:07-07:00
쯧쯧 에~휴,1,ㅂㅅ같음,"진짜 주기적으로 무한로딩 걸림
삭제 했다 까는거 귀찮아 죽겠다
국민은행 안쓴다 이거때문에",2025-07-02T03:13:34-07:00
로딩너무느려서답답,5,만족해요,한동안 사용안하다가 했는데 만족합니다,2025-07-02T01:38:01-07:00
산이나 함 갈까~~,5,환전,매우만족,2025-07-01T23:16:04-07:00
워네키디,5,굿,귯,2025-07-01T23:07:08-07:00
낙찌엄마,5,최은미님,너무 친절하고 설명이 너무 감사했습니다,2025-07-01T22:34:05-07:00
첫청주청약,5,만족,대만족,2025-07-01T22:17:51-07:00
supermomagnes,5,환전,스타뱅킹 안에서 손쉽게 이해쉽게 할 수 있어서 좋아요,2025-07-01T21:55:15-07:00
kb 리치,5,정기예금 가입,혼자서 집에서도 가입가능해서 편리합니다,2025-07-01T21:12:58-07:00
gomusin1427,5,출금계좌등록,간편해서 좋아요,2025-07-01T21:01:02-07:00
토깽이이잉,5,좋아요,간편하고 빨라서 좋아요,2025-07-01T20:45:46-07:00
jaen219,5,좋인요,좋아요,2025-07-01T19:46:02-07:00
엘쁘,5,특별한적금,특별한 날을위해.적금❣️,2025-07-01T19:45:55-07:00
실랭이,5,손쉽고 아주 좋은거 같아요,손쉽고 간략하게 보기 좋은거 같아요,2025-07-01T19:04:00-07:00
하찐민,4,환전신청,완전 편해요,2025-07-01T18:13:56-07:00
너스아라,5,상품가입이 쉬워요,가입. 해지가 편리하고 고객센터 문의시 친절해서 좋아요.,2025-07-01T18:04:29-07:00
심지기,5,환전 신청이 편해요 지점에서찾기,환전 신청이 편해요 지점에서,2025-07-01T17:44:18-07:00
대한민국 경기도 남양주,5,금융,스마트뱅킹을 이용한 빠른 업무처리 덕분에  시간을 이낄수있어 좋았읍니다.,2025-07-01T17:34:12-07:00
JB맘,5,정기예금,가입 절차가 복잡 하지 않고 쉬워서 좋아요,2025-07-01T17:17:33-07:00
누렁66,5,한도 변경간편,이체한도 변경간편  좋습니다.,2025-07-01T16:42:14-07:00
동래읍성,5,패스워드,셀프변경 편리했습니다.,2025-07-01T07:44:24-07:00
HR무지개,5,정기예금 가입절차,참 편리합니다!!,2025-07-01T06:55:27-07:00
차 없어도 돼,5,안내,친절한 상담,2025-07-01T06:29:24-07:00
샤라자드,5,환전,우대환율 감사감사!!,2025-07-01T06:11:38-07:00
로오오렃,5,빠른승인,쉽게할수있어 편해요,2025-07-01T06:04:42-07:00
넘 조아조아,5,환전,빠르고 쉽고 간단해서 조아요,2025-07-01T05:37:53-07:00
달력 찾는 사람,4,소비 달력,달에 얼마 썼는지 누적 금액 좀 확인하고 싶은데 달력 기능은 사라진 걸까요. 아님 다른 유아이에서 확인이 가능하든가… 답답핑,2025-07-01T05:12:05-07:00
Maraㅎ뉴노,5,항상 고맙습니다,항상듬직한 모습으로 도움을줘서 고맙습니다,2025-07-01T03:47:08-07:00
자우박,4,깔끔합니다~~,굿,2025-07-01T00:32:48-07:00
후들후들다리,5,간편하게 kb어플,이용함에있어 편리하고 손 쉽게 할 수 있어 불편함을 느낄수 없었습니다. 항상 잘 애용하고 있어요!,2025-07-01T00:23:28-07:00
요미가자,5,휴먼통장도 찾아주고좋아요~,"다른은행에 제가 모르는 통장에 돈도 찾아 주는 기능이 있네요
다른 분들도 잠들어 있는 돈이 있는지 1번 조회해 보세요~",2025-06-30T23:56:45-07:00
ssongssonggggg,1,업뎃만 하면 왜,"업뎃만 하면 왜 잘 쓰던 기능이 사라져있죠
내 계좌 한눈에 보기 이런거 들어가자마자 잇어서 좋았는데 업뎃하고 UI 바뀌면 찾지도 못하게 꽁꽁 숨겨놔요 왜 ㅡㅡ
그럴거면 커스텀 되게 해주던가
직관적으로 사용하게 만들지도 못할거면 업뎃을 왜하는거임 대체?",2025-06-30T22:33:26-07:00
한번 걸어보자,5,한도변경,편리하고 정확하게 하시네요,2025-06-30T22:24:05-07:00
티파니-J,5,정기예금,상품종류가 좀 더 다양하고 쉽게 이해가능하면 더 만족할 것 같습니다.,2025-06-30T21:55:19-07:00
5G보다더,5,앱을 이용한 통장가입 최고,간편하고 편리해서 빠르게 가입할 수 있어요,2025-06-30T21:44:03-07:00
긍정대장,5,모바일 인증,너무 편해요,2025-06-30T21:10:31-07:00
빈또루,5,간편해요,다른 은행 어플처럼 복잡하지않아요,2025-06-30T21:06:17-07:00
나리임다,5,편해여,앱을 사용하기 편리해요,2025-06-30T19:36:58-07:00
별명까지 지랄이네,5,정말 편하고 좋아요,정말 편하고 좋아요,2025-06-30T19:14:58-07:00
초톨릿,5,내마음대로적금,쉽게가입할수있어좋아요,2025-06-30T18:45:05-07:00
푸후사랑,5,칭찬합니다,빠르고 이용이 편리합니다,2025-06-30T18:44:46-07:00
양양아,5,역시 케이비,철저해서 안심,2025-06-30T18:13:30-07:00
TheodoreJH,1,입출금내역 공유 버튼,이거 업데이트 되고 입출금내역 공유하기 버튼이 사라져서 너무 불편합니다. 공유하기로 가계부 어플에 보내서 편리하게 가계부 작성할 수 있었는데 지금은 아무리 찾아봐고 입출금 내역 공유할수 있는 방법이 없어요. 왜 굳이 삭제했는지도 모르겠고... 다시 살려주시길 바랍니다.,2025-06-30T17:37:37-07:00
HEsDREAM,5,이체한도 변경,"간편해요.
업무 진행에 도움 됩니다.",2025-06-30T17:25:45-07:00
kenygtdd,5,정기 예금 가입 퍈리해요,인터넷뱅킹으로 정기예금 가입절차가 편리하고 쉽게 이용할 수 있어서 매우 만족합니다,2025-06-30T17:13:10-07:00
퀸틸리언,4,편리하게 재예치,좋습니다,2025-06-30T17:11:03-07:00
아이리스쑥,5,만족하고 좋아용,ㅋ굿이예여 잘쓸게용,2025-06-30T12:54:06-07:00
갇블레싱,5,죠와유~,편리해요,2025-06-30T08:57:53-07:00
ok짱이야,5,만족해요,만족해요,2025-06-30T07:08:22-07:00
눈부셔좋아,5,이율좋아,그 어떤곳보다 이율좋음!kb 일 잘하네요,2025-06-30T06:42:07-07:00
Fishesㅎㅎ,5,만족,만족👍🏻,2025-06-30T03:10:56-07:00
버터케이크,5,kb스타뱅킹 좋아요~,만족스럽고 좋아요~,2025-06-30T02:28:38-07:00
루이71,5,역시 KB스타뱅킹이 최고예요,"앱 사용이 간편하고 이벤트도 많아서 만족합니다
감사합니다",2025-06-30T02:13:35-07:00
운담사,4,스타뱅킹,편해요,2025-06-30T02:10:23-07:00
한자이름더등록해주세요,5,굿,굿,2025-06-30T02:05:20-07:00
Minibear72,5,쓰기 편해요,편리하네요,2025-06-30T02:03:04-07:00
강아지 79,5,상담,꼼꼼하고 신속한 상담 매우 만족해요 ㅎ,2025-06-30T01:52:45-07:00
여ㅣ린,5,인터넷뱅킹,좋아요,2025-06-30T01:43:00-07:00
루안미녀,4,환전,편리합니다,2025-06-30T01:17:06-07:00
너무대만족,3,사용만족,사용편리함,2025-06-30T01:03:22-07:00
해따,5,만족!,만족합니다,2025-06-30T00:23:47-07:00
스타지아,5,이체,만족,2025-06-30T00:14:19-07:00
아송아빠75,5,스타뱅크 사용자,주거래 은행이 국민은행이여서 항상 이용중인데요. 사용자위주로 사용하기 편하게 웹을 개발해서 그런지 사용하는데 전혀 문제없고 편하게 사용중입니다.항상 사용자에게 편하게 그렇지만 개인 정보 보호에 늘 신중해주었으면 합니다.,2025-06-30T00:02:54-07:00
hyunin1219,1,입출금내역 복사 다시 추가해 주세요,있는 기능을 왜 빼요...,2025-06-29T23:48:19-07:00
퀸오브스탠다드,5,쉽고 편리함,앱 사용이 쉽고 편리합니다.,2025-06-29T23:38:34-07:00
넘 조아요ㅎㅎ,5,모두,좋아요,2025-06-29T23:24:38-07:00
수구리108,5,쉽고 간단하네요,가입이 쉽고 간편하게 가입할 수 있어 좋습니다,2025-06-29T23:02:32-07:00
로그인이왜안되냐,5,귯귯,귯굿,2025-06-29T22:58:58-07:00
환전ㅎㅎㅎ,5,고마워요,허수지대리님 고마워요,2025-06-29T22:39:05-07:00
윤^^,5,환전신청,편안하게 신청가능하네요,2025-06-29T22:38:27-07:00
호디라,5,환전,좋음,2025-06-29T22:25:46-07:00
애정즈,5,편하네요,편해서 좋아요,2025-06-29T21:29:51-07:00
바니초코맘,5,환전우대,앱이용하면 환전우대받아좋아요,2025-06-29T21:08:10-07:00
아제루,5,편해요,굳굳,2025-06-29T20:36:08-07:00
서정아찌,4,편리하고 좋아요,편리하고 좋아요,2025-06-29T20:19:05-07:00
홓ㅍㅎㅎㅎ,5,한도조정,아주 편리하고 안전해요,2025-06-29T20:13:14-07:00
koreajames9507,5,I Love KB,KB의 발전을 응원합니다.,2025-06-29T19:34:05-07:00
도선희,5,검색이 쉽다,찾고싶은 질문에 답이 명확함,2025-06-29T18:58:24-07:00
뽕똘이,5,굳,좋아요,2025-06-29T18:43:52-07:00
서진미진짱,2,적금,좋네요,2025-06-29T18:19:56-07:00
터보달팽이07,5,안내,너무 친절하고 이해하기 쉽게 설명이 되었습니다. 감사합니다,2025-06-29T18:14:35-07:00
화이팅 걸,5,감사합니다..앞으로도 저축을 많이 하도록 하겠습니다.,Kb예금은 언제나 든든 합니다.열심히 일해서 저축해서 노후에 편안한 삶을 누립시다.,2025-06-29T17:50:22-07:00
ㄱㅅㅇㄱㅂ,5,온라인 예금가입 만족합니다.,간편하고 좋아요.,2025-06-29T17:49:13-07:00
울딱시,5,간편해요,빠르고 간편해서 편하고 좋아요,2025-06-29T17:42:57-07:00
판도라케이,5,온라인환전,"앱 서용하기 편하고, 온라인환전하니 몇 만 원이라도 이득이돼서 좋네요. 당일 신청해서 받을 수 있어 편리해요.",2025-06-29T17:12:39-07:00
azluckme,1,별 0개는 왜 없나요?,"국민은행을 주거래 쓰다가 바꾼 이유는 앱 존재 의미가 없을 정도로 불편하고, 느리고, 비효율적이기 때문입니다.

처음엔 앱을 무슨 기능마다 여러개 만들더니, 하나로 통합하나 싶더니 하나부터 열까지 불편합니다. 

정액적립식인 경우 미납 금액이 없는.. 금일 이체 대상 계좌.. 이런 표현도 글만 쓰지 말고 물음표라도 추가해서 이 안내가 왜나오는지 어떻게 해결해야하는지를 생각해주세요. 

물론 주고객이 앱 사용성이 최악이라 떠난다고 해도 1금융권 그것도 국민은행에서 들은척도 안하겠지만요, 

제가 떠나고 그 밑에 세대도 이렇게 하나 둘 다 떠날겁니다. 점차 토스, 카카오뱅크 등 고객 이용 편의성을 최우선으로 고려하는 인터넷 뱅크로 전환될 것입니다. 제발 시대에 맞게 변화하고 발전해주세요..",2025-06-29T17:08:32-07:00
좌하상우,5,조아요,조아용,2025-06-29T16:56:46-07:00
아일리안,5,정기예금,상품가입 절차 등이 너무 편리합니다,2025-06-29T15:36:45-07:00
포딩,5,빠른 처리 감사,당황했는데 빠르개 처리되네요,2025-06-29T06:50:31-07:00
탱구방구,5,굿,굿,2025-06-29T06:21:37-07:00
Haramhaeun,5,편리해요,사용이편해요,2025-06-29T03:40:19-07:00
펭구 언니,5,이체한도 증액,은행에 가지 않고도 증액할 수 있어서 편리하네요. 신분증 촬영은 인식이 잘 안됐는데 몇번 하니까 되긴 됐어요.,2025-06-29T03:01:55-07:00
스탁뱅킹,5,이체한도증액,친절,2025-06-29T02:25:47-07:00
2얍,2,공과금 촬영납부,두세달 전쯤에는 공과금 촬영납부로 지로 인식 바로 돼서 납부 가능했는데 지금은 인식이 아예 안 되네요. 개선 바랍니다.,2025-06-29T01:09:26-07:00
ㅎㅎㅠㅠㅣㅣ,5,가입이 편해서,가입하기 간편해요,2025-06-29T00:26:32-07:00
ㅅ ㅡ ㅅ~~,3,가독성이 좋아요,어렵지않게 한눈에 진행 가능해서 좋습니다,2025-06-28T20:00:58-07:00
Hee1962,5,앱이 편리합니다,계자조회도 편리하고 이체도 쉬워서 잘 사용합니다,2025-06-28T19:47:26-07:00
assembleeh,5,적금 가입,편리하고 좋습니다,2025-06-28T19:38:00-07:00
Wanee4ever,5,아이팟 터치 다운,아이팟 터치에서 공인인증서 로긴하면 바로 다운됩니다 이전 버전에선 잘됐는데 ㅠㅠ 빨리 수정해주세요 ~~~~,2025-06-28T17:17:38-07:00
창동인,5,쉬운설명,비교적 설명이 알아 듣기 편했습니다,2025-06-28T16:54:52-07:00
크트123,5,빠른해결,빠른 해결해줘서 좋아요,2025-06-28T06:38:36-07:00
케빈1986,5,이체 한도 변경,보안 편의 모두 좋아요,2025-06-28T06:25:31-07:00
삐롤잉,5,조항요,잘 이용중입니다,2025-06-27T19:01:53-07:00
희동동동ㅇㅇ,5,굿,좋아요 간편해요,2025-06-27T18:25:45-07:00
김성심,5,간편하고 좋네요,휴대폰으로 간단히 예금을 들어서 참 편하네요 이율도 좋고 6개월 후 또 J H 할게요,2025-06-27T18:25:40-07:00
열*정*보*석,5,가입설명과 시스템이 편리,우대금리조건 설명과 가입시스템이 편리함,2025-06-27T17:46:31-07:00
지겹울,5,간편해요,잘 짜여진 메뉴 좋아요,2025-06-27T17:02:43-07:00
흰광풍,5,좋아요,좋아요,2025-06-27T16:56:02-07:00
바르프라하,5,적금,쵝오,2025-06-27T14:18:01-07:00
왕 쫑,5,좋아요,손쉬워요,2025-06-27T04:46:57-07:00
천장지구영,4,쉽고 좋아요,예금가입과 해지가 쉽고 간편하고 좋아요,2025-06-27T04:19:28-07:00
NaegAeRo4,5,너무 좋음,플랫폼 너무 잘만든것 같아요,2025-06-27T03:13:28-07:00
미먀야애,3,입출금내역에 달력 어디갔나요,돌려주세요ㅠ,2025-06-27T02:43:02-07:00
속앗쑤다,5,최고에요!,생각지도 못한 휴면 예금 찾아줘서 좋습니다!,2025-06-27T01:13:37-07:00
꽃 보살,5,편리,이용이 편리해요,2025-06-26T22:34:47-07:00
수수깡71,5,편리하네요,편리하긴 한데 꼼꼼히 확인 해야 될 것 같아요,2025-06-26T22:09:10-07:00
ㄱㄴㄷㄹㅁㅂ1234,5,지점 직원이 친절 신속하게 응대해주셨어요,감사합니다,2025-06-26T21:51:51-07:00
스폰지밥123,5,굿,굿,2025-06-26T21:14:17-07:00
민주니가,5,감사합니다,너무도 친절한 응대에 감사드립니다,2025-06-26T20:44:57-07:00
Bonnheur,5,환전신청의 편리성,환전신청 시 휴대폰으로 미리 신청을 해놓고 창구에서 바로 받을 수 있어서 정말 편리해요,2025-06-26T20:25:02-07:00
김띵희,4,좋아요,편하고 빠르고 좋아요,2025-06-26T19:44:23-07:00
만두빙빙,3,알림함에서 입출금내역 복사 기능 추가해주세요,"원래 알림함에서 입출금내역 복사 기능이 있었는데 업데이트 된 후로 없어진 것 같네요.. 

가계부 작성할 때 복사 기능이 필요한데 기능 업데이트 부탁드리겠습니다.",2025-06-26T19:43:15-07:00
Anakin SeaWaLkeR,5,장기미사용이제제한해제,간편해요,2025-06-26T19:02:17-07:00
환전순탄,5,환전신청,환율신청 진행이 원활합니다,2025-06-26T18:42:53-07:00
dayzzzziㅋㅋ,1,얼굴인식 너무 화남,공동인증서 발급하려고 했는데 본인아니라고 거부 됨 심지어 5회 초과되어서 앱 막힘 내가 본인데 뭔 인증을 더해야됨? 인식 좀 제발..,2025-06-26T18:14:39-07:00
yfchyun,5,처리속도,너무 빨라서 좋아요,2025-06-26T17:59:48-07:00
대자연인 한두만,5,환전 관련,"잘 몰라서 창구를 찾아 왔었는데
간편하고 좋은 환율 방법이 있어서
아주 좋았습니다.
잘 활용하겠습니다.",2025-06-26T17:42:18-07:00
찐명,5,이체,친절 간편,2025-06-26T17:35:21-07:00
상흔쩜,5,쉽고 편리해요,스타뱅킹을 통해 은행거래 쉬워서 좋아요,2025-06-26T17:29:11-07:00
에드워드리80,5,좋아요,외화를 공항에서 토요일에도 받을수 있고 좋아요! ^^,2025-06-26T17:16:07-07:00
팔콩오콩이,5,편리해요,편리하고 불편함 없이 잘 사용하고 있어요,2025-06-26T16:45:15-07:00
YangeYange,5,GooD,GoodGood!!,2025-06-26T10:42:38-07:00
The one486,5,좋아요,좋아요,2025-06-26T09:13:15-07:00
뽀식이가,5,뽀식이가,나 깡다구,2025-06-26T05:18:52-07:00
찬양하기,5,⭐️⭐️⭐️⭐️⭐️,바쁜시간에 은행업무 보는 일 쉽지 않은데 편리합니다.,2025-06-26T04:52:55-07:00
냥냥탱이,5,대만족,간편하게 적금 가능~,2025-06-26T04:51:48-07:00
꽉꽉이네,5,너무편해요,늘 이용하는 국민스타뱅킹 너무 편해요,2025-06-26T01:10:13-07:00
엘브이에스,5,국민은행 보문동지점,국민은행 보문동 지점 모두들 너무 친절히 알려주세요 최고에요,2025-06-26T00:49:25-07:00
djdjxjcj,5,알림 내역,업뎃 이후 알림이떠서 어플들어가면 알림내역이 안나옵니다,2025-06-26T00:45:42-07:00
꽃사녀,4,국민은행,국민이 믿을만한기업이다,2025-06-25T23:12:48-07:00
금강산폭발,5,감사합니다,감사합니다,2025-06-25T22:59:02-07:00
쿠키쫀,4,국민은행~,급여통장때문에 개설했는데어플도 편리하고 좋아요,2025-06-25T22:57:29-07:00
은과 나무,5,정기예금,간편하고 쉬워서 자주 이용할 것 같아요.,2025-06-25T22:02:16-07:00
샤론의 나무그늘,5,비밀번호오류,너무 간단하게 바꿀수 있게 되어서 감사합니다,2025-06-25T21:31:41-07:00
행복한책벌레,5,장기이용고객,무엇하나 불편함 없이 잘 사용중입니다. 감사합니다.,2025-06-25T17:43:42-07:00
신흥동 사이다,5,좋음,좋음,2025-06-25T17:39:16-07:00
namjjang,4,기능이 좋아졌어요,속도도 빨라지고 안정성도 높지만 이제는 영업점 대기 순서까지 나오는 꼼꼼함 까지 괜찮은 기능인거같아요,2025-06-25T17:13:26-07:00
왕 뚱뚱,5,간편해여,여러상품 비교 할수 있어서 편하게 선택 가능하네요,2025-06-25T17:06:56-07:00
궁술,5,모바일 대출실행,국민은행의 인터넷뱅킹 발전에 칭찬 보냅니다.,2025-06-25T16:57:20-07:00
곰과 호랑이,5,적급가입,가입이 쉬었습니다,2025-06-25T16:42:16-07:00
공쥬마녀,5,앱사용,앱 사용이 쉽고 편리해요,2025-06-25T16:41:40-07:00
Ks jowei,5,상품가입,가입이 어렵지 않아서 좋네요,2025-06-25T16:10:46-07:00
고꾸리,5,서비스,굿,2025-06-25T08:50:47-07:00
신원맘,4,집에서 간단하게,좋아요 아자가 너무작아아쉽기하지만 편리하네요,2025-06-25T08:42:37-07:00
베브너냐더듀ㅠㄴ,5,굿,굿,2025-06-25T08:32:46-07:00
ssuntory,5,모바일 환전,만족합니다,2025-06-25T08:27:06-07:00
스마트별,5,특별한 적금,하루 커피량 줄이기~~~,2025-06-25T07:35:29-07:00
경주소연이,5,국민은행 최고,여기가 서비스 굿 입니다  번창하세용,2025-06-25T06:54:04-07:00
기아포에버,5,빠르고 쉽게,이해하기 쉬고 편하게 가입함,2025-06-25T05:11:34-07:00
흥팡이,5,결재비밀번호,변경한 비밀번호가 생각이 안낫는데 영상통화로 변경할 수 있어서 너무 만족해요,2025-06-25T03:51:34-07:00
ㅅㄱㅅㄱㄴㄱ,5,시험삼아 가입해봤어요,첫 가입인데 잘 되겠죠,2025-06-25T03:44:04-07:00
폴리73,5,예금,스타뱅킹에서 가입하기 편리해요,2025-06-25T03:17:16-07:00
오힝냐홍,5,조으다,너무조으다다,2025-06-25T03:11:18-07:00
띵똥이임,5,간편해요,편리하고.간편해서 좋아요,2025-06-25T03:09:58-07:00
Hachisungmi.,1,근래 리뉴얼된거 최악,은행앱이 기본적으로 내 전체 계좌 내역을 바로 보게해야지 어디다 숨겨놓고 아주 다른것들만 죄다 꺼내놓구 원래로 돌려놔요 불편해죽겟네,2025-06-25T01:46:49-07:00
캣트라슈0113,5,편해요,한벙에  걸리지  않고  쉽고 빨라요,2025-06-25T01:42:32-07:00
노잼굿잼걍함,5,땡큐,적금 가입 수월해요 굿굿,2025-06-25T01:05:48-07:00
76세남매맘,4,잘 사용중.,거래은행이라 잘 사용하고 있습니다.,2025-06-25T00:56:37-07:00
오르골,5,인터넷뱅킹,친절한 안내 감사합니다. ^^,2025-06-25T00:20:17-07:00
bamtol lee,5,환전,환전처리 신속해요,2025-06-25T00:12:50-07:00
심심해서깔았어용,5,친절하십니다!!,자세하게 안내 해주셔서 감사합니다,2025-06-24T23:53:27-07:00
fromvancouver,5,정기적금 간편하네요,은행 방문하지 않고 간편해서 좋네요,2025-06-24T23:48:16-07:00
여의도 이박사,5,환전,신속하고 편리해요,2025-06-24T22:37:25-07:00
로키7979,5,이율좋아유~,이율이 좋아!,2025-06-24T22:16:13-07:00
정혁소정,5,편하고좋아요,예금가입 절차가 알기쉽게 되어있어서 좋아요,2025-06-24T21:24:16-07:00
어뗘,5,비밀번호변경,안심하고 간편하게 변경했네요~,2025-06-24T20:29:51-07:00
Dy moong,5,굿 찡긋,은행 어플 중 가장 편해요 짱짱,2025-06-24T20:19:37-07:00
kelkhjw,5,빨라요,진행이 빠르고 좋아요,2025-06-24T20:14:50-07:00
샬롬이샛별,5,환전,편리하고 좋아요!,2025-06-24T20:01:01-07:00
강어석,5,인터넷 가입이 수월함.,금리도 타은행비해 높고 인터넷 가입도 수월하여 매우 만족합니다.,2025-06-24T18:02:35-07:00
"아이폰이라, 늘 불안했는데..",5,좋아요,간편하게 가입했어요,2025-06-24T17:46:56-07:00
피터62,5,예금가입,최고 입니다,2025-06-24T17:28:59-07:00
kal1932,5,환전,호주달러 환전 우대환율 만족입니다,2025-06-24T17:13:00-07:00
뷰티2,5,편리해요,가입이 편리하고 이해하기쉽고 빨라요,2025-06-24T16:32:39-07:00
셀레문,4,좋아요,방문하지 않아도 가입이되서 좋네요,2025-06-24T16:19:07-07:00
행호목,5,통장 개설,지점을 방문하지 아니하고 계좌를 편리하게 웹으로 개설했습니다,2025-06-24T15:59:10-07:00
我以为我是一个人生闷气,1,이번 업데이트 …,불편합니다,2025-06-24T15:22:09-07:00
고치는데,5,예금,편리해요,2025-06-24T15:05:46-07:00
Seokgangl,5,통장개섷,좋아요,2025-06-24T14:59:58-07:00
생각이많은사람,5,이체한도 변경,이체한도 변경 편해요~~,2025-06-24T03:20:48-07:00
Byrd0614,5,한도변경,빠르고 편리합니다,2025-06-24T02:56:59-07:00
미스애플,5,편리해서 좋아요!,"여행갈때마다 환전이 간단하고, 편리해서 아주 만족해요!!^^",2025-06-24T00:06:01-07:00
silnt2,5,요!!!,요~,2025-06-23T23:08:48-07:00
심술통이야,5,심슨,좋아요,2025-06-23T22:31:26-07:00
에효ㅜ,5,감사합니다,친절해요,2025-06-23T21:45:36-07:00
chaeshin,5,리뷰,좋습니다,2025-06-23T21:24:19-07:00
Megan Jung,5,환전,빠르고 우대 만족,2025-06-23T18:57:52-07:00
벌교 삼촌,5,신속 정확한 업무처리,매우 좋아요,2025-06-23T18:51:47-07:00
나나고시,5,간편해요,핸드폰안에 은행 좋아요,2025-06-23T18:45:00-07:00
징벼리,5,사용하기 가장편리한 은행 어플,사용하기 가장편리한 은행 어플입니다. 디스플레에 부터 검색기능까지^^,2025-06-23T18:36:26-07:00
애틀란타미시건,5,"신속 정확한 환전, 땡큐",항상 환전신청 시스템의 속도 정확 편리함에 놀라고 있습니다. 훌륭한 시스템 감사합니다,2025-06-23T17:48:15-07:00
윤남매최고,5,친절도만족,어려움없이 문제해결해서 좋았습니다,2025-06-23T17:44:52-07:00
쌍둥맘홍틀러,5,스타뱅킹,내 생활속에 편리함 스타뱅킹 좋아요,2025-06-23T17:41:31-07:00
뚝네코,5,국민은행 앱,사용하기 간편 해요,2025-06-23T16:08:25-07:00
나의워니,5,환전,늘 사용하지만 편한 접근방식이에요,2025-06-23T15:33:05-07:00
최강구삼,5,돈모으자,티끌모아태산,2025-06-23T14:38:43-07:00
예~~~은,5,유용해요,"입출금 및 금융정보와 다양한 혜택도 수시로 이용하고 재미있어요.
식물키우기 좋아요",2025-06-23T14:28:03-07:00
도니블랙,5,빠른서비스,빠른서비스만족합니다,2025-06-23T13:57:17-07:00
온도테이커,5,환전하기,편리함 설명도 자세하네요,2025-06-23T13:06:42-07:00
블루호크,5,환전만족,매번 이용할때마다 완전 편리해요,2025-06-23T11:46:56-07:00
디다스7,1,인증 오류,신분증 인증을 위한 아이폰 카메라가 동작하지 않습니다,2025-06-23T08:56:51-07:00
승승헬스,5,좋은 편한 필수,좋아요 빠르고 ㅋ 편해요,2025-06-23T07:04:42-07:00
포용1004,5,간편해서 좋아요,국민은행은 간편 편리 신속 너무 좋아요.,2025-06-23T06:11:17-07:00
완빵님,5,스타뱅킹,휴대폰 조작 어려워하는데 매우 쉽게 잘 되어 있어서 좋습니다^^,2025-06-23T05:54:42-07:00
ㅈㅇㅈㅎㅈㅇㅈㅎ,5,굿,굿!,2025-06-23T03:53:08-07:00
런던너on,5,정기예금,짧은 기간 예치 가능해서 좋습니다.,2025-06-23T03:37:52-07:00
혜수네,5,휴먼예금보험금츶기,잊고있었던 휴먼예금 큰돈은 아니지만 알려주셔서 기분이 좋네요~~,2025-06-23T02:45:48-07:00
골뱅이 팍팍 무침,5,Ars진행,손쉽고 빨름,2025-06-23T02:21:16-07:00
모두가 행복한 세상,5,친절해요,빠르고 편리한 문제해결 감사합니다,2025-06-23T01:19:59-07:00
Glory Gladiator,5,아주 만족합니다,직원분들이 친절하시고 업무 숙련도가 높아서 고객이 편하게 상담 받을 수 있어 좋아요,2025-06-23T01:14:14-07:00
라니85,5,좋아요,편리해요,2025-06-22T21:49:37-07:00
정마리솔,5,간편하고 환율우대 좋아요!,간편하고 환율우대 좋아요!,2025-06-22T21:30:52-07:00
벨라97,1,좌파기업,"코나아이랑 연결된 회사. 
이용하지마세요",2025-06-22T20:54:49-07:00
506천사,5,이체한도변경,갑자기 큰돈 송금이 필요했는데 쉽게할수 있어 감사합니다,2025-06-22T20:34:06-07:00
별있으,5,좋아요,간편하고 좋네요,2025-06-22T20:33:14-07:00
지자ㅇ,5,만족,만족,2025-06-22T19:26:57-07:00
행복하자 아자,5,서비스 이용,미리 알림주는 서비스 좋아요,2025-06-22T17:38:45-07:00
아나쿠스,5,서비스감사,아주 친절하셔서 감사드립니다,2025-06-22T17:32:20-07:00
kmar76,5,앱 사용 편리,앱 안에서 기능을 편리하게 신청 및 처리 가능해서 좋아요,2025-06-22T17:06:27-07:00
몽토리맘,5,외환 환전,최고,2025-06-22T14:16:40-07:00
용허니,5,국민에 국민에의한 국민을위한,국민은행! 스타뱅킹 편하고 안전해요,2025-06-22T04:03:34-07:00
유우미이야,5,어플이 빠릿빠릿하고 손쉬움 만족,어플이 빠릿빠릿하고 손쉬움 만족,2025-06-22T03:22:05-07:00
라따뚜이뚜이뚜이뚜이,5,좋아여,좋아요,2025-06-21T23:36:22-07:00
이체한도증액,4,사진,안심이 되요,2025-06-21T22:11:15-07:00
행운만 가득,5,제한풀기,완전 빨라요 최고 입니다 감사합니다,2025-06-21T20:05:30-07:00
기여여여여여여ㅕ이미밈,3,아쉬어여,어플이 쓰시블편한,2025-06-21T19:08:56-07:00
따룽맘,5,이체해지,이체해지관리하기가 편리합니다,2025-06-21T18:18:49-07:00
hhdkjdk,5,이용편리,웹사용이 편리합니다.,2025-06-21T17:15:50-07:00
1억 모아 ~,4,적금 들기,쉽게 가볍게 돈 모으기 할 수 있어서 좋네요~,2025-06-21T08:04:58-07:00
굿 캐쉬,4,예,감사,2025-06-21T07:07:29-07:00
늘시원,5,통장개설,신속한 통장개설처리 감사합니다,2025-06-20T19:00:57-07:00
멍뭉이귀여워,4,바뀐 디자인 불편해요,계좌 목록? 카드?의 영역이 줄어들고 이체 버튼이 작아져서 불편해요. 그리고 바뀐 하단바 디자인 다른 부분의 플랫한 디자인이랑 이질적으로 느껴져요.,2025-06-20T18:50:32-07:00
희동꼬미,5,통장개설,만들기 아주 쉬워서 좋군요,2025-06-20T06:10:55-07:00
플란제,5,안전을 확인 또 확인,안전이 최고입니다!,2025-06-20T05:11:13-07:00
띵샘,5,국민은행 스타뱅킹 편리해요,주거래은행이라서 국민은행 스타뱅킹 사용하는데 불편함없이 잘 사용중이에요! 오픈뱅킹도 되서 타은행 계좌도 다 조회되고 좋아요!!,2025-06-20T04:20:42-07:00
메룽메러엉,1,앱자체가너무느림,하 7년째개선이없음,2025-06-20T01:56:11-07:00
국민은혜,5,"친절과 공손함, 따뜻한 마음씨",고객 응대에 최선을 다하시는 모습이 정말 좋습니다.,2025-06-20T01:36:42-07:00
지구행성여행중,5,미사용계좌해제,ARS로 간편해서 해제했어요.,2025-06-20T01:11:47-07:00
jubilee2k,5,환전,"직원분, 청원경찰분 친절한 도움 감사합니다.",2025-06-19T23:48:24-07:00
darccyyyyyy,1,내통장 리스트,통장 리스트 어디서보는건데 대체????? 뭔 이딴 업데이트를 하고 난리,2025-06-19T23:31:31-07:00
ㅈㄴㅇㅅ,1,미친겨?,전체계좌 대신 상품 따위를 손으로 집기 가장 편한 위치에 배치해놔? 장사도 애지간하게 해야지 고객들 떨굴라고 작정을 했네.,2025-06-19T23:02:53-07:00
중앙경기,5,국민은행 대천지점,매우 친절하고 업무 효율성도 최고입니다,2025-06-19T21:56:16-07:00
hlkona,1,전체계좌보기 홈화면에 크게,전체계좌보기 찾는데 한참걸렸어요,2025-06-19T21:22:28-07:00
뀬하,5,보안직원,너무 친절해요!!!,2025-06-19T21:13:55-07:00
으니강,5,엔화환전,온라인으로 간단하게 신청할 구 있고 원하는 지점 선택해서 찾을 수 있어 좋아요~~,2025-06-19T20:12:39-07:00
윈씨지,5,Kb스타뱅킹,"앱 사용이 편리합니다
다양한 혜택아 제공되고 메뉴 찾기가 좋아요",2025-06-19T18:41:53-07:00
효리224,4,간편해요,간편하게 가입되어편해요,2025-06-19T17:42:04-07:00
카카미네 린,5,앱 좋아요,연말에 동창회 모임에 사용하기 위해서 가입했습니다. 잊혀진 것으로 생각했다가 만기일에 잘 사용할 예정입니다.,2025-06-19T17:25:31-07:00
엉터리 대스타,1,사용성 개선이 아니라 더 불편해짐,타행 계좌들은 보이지도 않고 찾기 힘들게 불편해짐,2025-06-19T06:38:41-07:00
킴쏘1017,5,좋아요,터치몇번으로 참편하게 이용해요,2025-06-19T01:33:22-07:00
살랑살랑9,5,계좌개설,은행까지 가지 않고도 계좌개설이 쉬워요.,2025-06-19T00:25:20-07:00
힘내세요^.^,5,환율 굿,환율 우대 많이 해줘서 너무 좋아요~~~,2025-06-18T23:49:03-07:00
네에네네에,4,좋아요,좋은데 너무 귀찮게 해요 급한데 ㅠ 이해는 합니다,2025-06-18T23:05:40-07:00
국민이에영,5,환전,굿,2025-06-18T22:18:04-07:00
하늘경치,5,kb스타뱅킹,사용하기 편해요,2025-06-18T22:16:09-07:00
나나그린,5,좋습니다,좋아요,2025-06-18T21:09:22-07:00
Sigoldabang,5,온라인으로 이용제한 해제 편리,온라인으로 장기 미사용 계좌 이용제한 해제하니 너무 간편하네요~,2025-06-18T19:07:28-07:00
doong1234,5,간편하고 빨라요!,좋은기능이 자주추가되고 간편하고 빨라서 좋아요!,2025-06-18T18:56:10-07:00
AfricanTiya,5,친절한 국민,친절한 설명 감사합니다,2025-06-18T18:49:22-07:00
아기고양이1,5,편리합니다.,지점에 가지않고도 처리되서 편리합니다.,2025-06-18T18:29:20-07:00
차현!,5,한도변경,한도변경 넘 편하게 했어요! 지점에 가지않고서~ㅋ,2025-06-18T17:38:07-07:00
맛나는 쿠키,5,만족,만족합니다,2025-06-18T15:39:25-07:00
호박이 넝쿨째,5,외환교환,편리함,2025-06-18T14:40:08-07:00
호달이꽁,5,좋아요,빠른 처리 감사합니다.,2025-06-18T06:53:46-07:00
반가워요^^,5,쉽빠름!,쉽고 빠름! 돈 모을 준비 완료!,2025-06-18T05:18:14-07:00
유교수,5,편리한 환전,"해외여행시 주거래 은행에서 환전하니 너무 편하고 좋네요
사실 공항에서 환전하는데
복잡하고 줄을 서서 기다려야 했거든요",2025-06-18T04:53:48-07:00
제시 1,5,빠른신청,빠게 처리 잘되ㅛ어요,2025-06-18T03:51:51-07:00
햇뚱,5,조아요,좋음,2025-06-18T03:40:14-07:00
07DanBi22,1,모바일 신분증으로 은행업무 가능한 내용 확인하고 감,"모바일 신분증으로 가능한 업무로 신청했는데 서교동 종합업무 은행직원은 업무 가능하다고 써진 내용 읽지도 않고 본인이 모바일신분증 안써서 모른다고 비아냥대네요
퇴근 30분남아서 그런건지 뭔지
이럴거면 신분증 사용가능하다고 왜 써둔건가요?
직원들은 본인 업장에서 만든 모바일신분증 관련해서 아는게 없는게 말이되나 ㅋㅋ 일처리 똑바로 하라고 교육 안하나봐요",2025-06-18T02:15:59-07:00
HSE최고,5,편하게 개선되었어요,이제 국민은행 어플이 많이 개선 된거 같아요,2025-06-18T01:58:45-07:00
핑브,5,휴면계좌도 찾아주고,몰랐던 돈도 찾고 좋은데용?,2025-06-18T01:25:26-07:00
얀77777,5,환전,쉽게 되어있어요,2025-06-18T01:15:53-07:00
Cizilla,5,친절하게 설명 해주셨습니다.,직원분이 친절하게 설명 해주셨습니다.,2025-06-18T01:11:01-07:00
지구엄마,5,최고,최고에요,2025-06-18T00:13:47-07:00
jjjasonKwon,5,좋아요,국민1등 은행 이유가 필요할까요,2025-06-17T23:52:41-07:00
체스맨2022,5,감사합니다,서비스가 편해요,2025-06-17T23:46:12-07:00
중산동왕코,5,만족,만족합니다,2025-06-17T23:00:41-07:00
주황아티,5,좋아요,편하고 좋아요,2025-06-17T22:23:20-07:00
기리보이 40,5,휴면예금 환급금,생각지도 못한건데 넘감사드립니다 와. 대뱍이다,2025-06-17T22:13:27-07:00
강변북로 구리방향 3차선,5,정기예금 가입,금리는 낮지만 만족해요,2025-06-17T21:34:46-07:00
Jangjiny,5,휴면계좌 복원,초스피드처리,2025-06-17T21:15:55-07:00
chonsa1004,5,1년적금,"ㅇㅇㅇㅇㅇ항상 앱으로 예금을 했었는데, 금리 상담하다 영상으로 정기예금도하고,친절한 정보도 듣고 유익하고 감사했습니다.fighting^^👍",2025-06-17T18:59:20-07:00
웅평,5,앱관리,환전이 편리해요,2025-06-17T18:40:11-07:00
.......QWERTYUIO,5,환전 완전 편합니다,너무 편하고 좋습니다! ^^,2025-06-17T17:40:39-07:00
합정동 뱀파이어,1,대환대출,아주 간편해요,2025-06-17T17:27:53-07:00
star010%$,5,환전 업무,왐전 편리합니다,2025-06-17T17:07:36-07:00
루루루짱!,4,짱!,아주 편리하네여~,2025-06-17T14:16:17-07:00
NK GH LTD,5,이체한도 변경,촣다 촣다,2025-06-17T10:06:27-07:00
슈비0307,5,빠른가입,좋아요,2025-06-17T09:03:41-07:00
ㅊㅋㄴㅁ,4,G,H,2025-06-17T08:27:19-07:00
이리오다가,5,편해요,잘쓰고 있어요,2025-06-17T07:06:26-07:00
Diawater,5,"신속, 편리",감사합니다,2025-06-17T06:40:13-07:00
세상내꺼76,5,외환환전,아주 쉬워요,2025-06-17T05:20:59-07:00
Tolsu,5,정기예금,편리하고 간편하게 이용할수 있어서 만족합니다,2025-06-17T02:39:57-07:00
jlovejesus,5,좋아요,좋아요,2025-06-17T00:35:07-07:00
dkdbdvv,5,애용하고있는어플,"대학생때부터 국민을 주거래로 사용하고 있습니다!
어플은 언제생긴지 기억은 안나지만
주택청약 가능했을 때도 편리했고 지금도 입출금 아주 간편하게 사용하고 있습니다:)",2025-06-17T00:32:14-07:00
무개념이다,5,굿,굿,2025-06-16T22:50:08-07:00
태위지,5,인터넷뱅킹 가입,좋아요,2025-06-16T22:48:01-07:00
배너배너,5,편해서 좋아요,편해서 좋아요,2025-06-16T22:46:00-07:00
와이요요,4,간편하게 가입하는 예금,신속하고 빠르게 가입 할수 있어 너무 좋아요,2025-06-16T22:12:10-07:00
맨후,5,환전서비스,모바일로 신청하는 방법이 아주 간결하고 쉽게 되어 있네요.,2025-06-16T20:32:27-07:00
벗꽃나비,5,감사합니다,좋은 시스템입니다,2025-06-16T20:03:51-07:00
뜨끼,5,국,국,2025-06-16T19:58:45-07:00
로봇 왕😀😀😀😘👍,5,환전신청,간단하고 편하고 유용해요~^^,2025-06-16T19:43:53-07:00
한난님,5,비대면 인증!!! 최고,"이전에비해 신속하고 깔끔
한 인증과 모바일 진행!!! 너무 좋아졌네요!",2025-06-16T19:17:35-07:00
ㅎㅎㅎ히넺,5,휴먼예금 보험금찾기,필요한 상황에 맞는 정보를 잘 주는것같아요,2025-06-16T18:36:53-07:00
굿굿굿타임,5,환전,최미경 직원의 친절함에 매우 만족했습니다,2025-06-16T18:28:54-07:00
댕댕구리 이,5,굿,아주편리함,2025-06-16T18:13:12-07:00
정밀샷,5,발전하는 앱,점점 편해지는 것 같아요,2025-06-16T18:06:54-07:00
KB 짱,5,이체한도,빠른조치,2025-06-16T17:05:48-07:00
머싯는노오오옴,5,좋아요,좋아요,2025-06-16T07:36:19-07:00
가을이조앙,5,**^^**,❤️,2025-06-16T05:32:27-07:00
지숨ii,5,잘사용하고잇어요,잘사용하고 편해요,2025-06-16T04:29:51-07:00
옛날소세지,5,앱에서 찾기가,힘들어요,2025-06-16T04:16:07-07:00
쿵내동,5,너무 친절하십니다!,너무 친절하시고 스마트 하세요!,2025-06-16T01:23:53-07:00
윤아가은아빠,5,환율이 아주 편합니다,우대환율도 자동 선택되서 아주 편해요,2025-06-16T00:03:32-07:00
구우웃모오닝,5,알아서 척척,잊고 있던 정보도 알아서 챙겨주니 너무 좋네오,2025-06-15T23:06:50-07:00
일로읍만세,5,정기예금,간편가입 편해요,2025-06-15T22:47:14-07:00
좋아요좋아요굿굿구수,5,직원,좋아요,2025-06-15T22:47:00-07:00
향기54,5,휴먼계좌 잔고 확인,생각지도 못한 휴먼계좌에서 쉽게 잔고를 찾았습니다,2025-06-15T22:41:41-07:00
jhyl3589,1,고객얼굴확인제도 없애시죠..,지금 몇일째 고객얼굴확인제도때매 거래를 못하고있습니다. 어느 누구든지간에 신분증 사진이란게 달라보일수도 있고 세월이 지나면 다르게 보이기 마련인데 왜 이딴 시스템을 도입해서 번거롭게 하는지 모르겠네요.,2025-06-15T21:58:50-07:00
초코000,4,스마트 비번 바꾸기,편리하고 좋아요,2025-06-15T21:33:53-07:00
바탕탕,4,하나로 쉽게,여러 가지 금융 업무를 간단하게 처리할 수 있습니다. 앱의 운용이 친절하다는 느낌이 들어요. 좋습니다.,2025-06-15T21:05:27-07:00
준스타79,5,굿,굿,2025-06-15T20:33:23-07:00
만수 엄마,5,내슫다일,알아보기 쉽도록 알려주고 잊어버린것도 잘챙겨줘서 굿이예요,2025-06-15T19:32:54-07:00
노벨마미,5,굿,굿,2025-06-15T19:25:53-07:00
보바마100000,5,굳,앱이 날이갈수록 발전중 편리해지고있어요,2025-06-15T19:22:50-07:00
달자언니,5,하루에 2-3번은 꼭 들어가게 되요,"성인이 된 후 첫 거래 은행이었는데 16년 넘은 지금까지 주거래 은행이네요. 
주택청약부터 기타 적금 등 거의 모든 금융거래는 다 국민은행이다보니 스타뱅킹 어플 하나로 다 되서 무척 편하고 빠르게 사용하고 있어요.",2025-06-15T19:05:45-07:00
모한우,5,잘 사용하고 있습니다,잘 사용하고 있습니다,2025-06-15T18:57:55-07:00
좋아요 굳굳굿!!,1,스마트서류제출 오류,"스마트서류제출 > 행정정보조회 실행에서 아무런 키도 먹히지 않는 오류가 발생됩니다. 화면도 상단 안내문구랑 최하간 확인 버튼만 있는거 보면 가운데 내용부분도 못불러오는 것 같습니다. 
어플 업그레이드해도 현상 동일합니다. 
(기종 아이폰 14)",2025-06-15T18:18:41-07:00
NancyBJM,5,써비스 최고,대한민국의 최고 은행,2025-06-15T14:28:11-07:00
노무6969,1,개같이 만들엇네,ㅅㅂ련들아 미성년자가입인데 신분증 사진 처올리라는건 뭔 개소리냐 시벌련들아,2025-06-15T08:25:42-07:00
기노리다,5,굿굿,굿굿,2025-06-15T07:49:44-07:00
비우라아,4,좋아요,어플이 편하고 좋아요,2025-06-15T04:44:52-07:00
이런것도 쓰기싫다,1,하나도 아까워요,청소년 카드는 쓰지마세요,2025-06-14T02:49:01-07:00
Sshsjdock,5,오래쓰고있어요,좀 더 보기편하게 레이아웃이 바뀌면 좋겠지만 (자주 해매서요) 그래도 여러모로 잘 쓰고있습니다~!,2025-06-13T21:47:29-07:00
RENUY-,4,서비스가 좋음,"옛날보다 좋아졌음, 금융 뿐만 아니라 공공정보 제공등 계속 좋은서비스 부탁",2025-06-13T19:45:18-07:00
하늘지니93,5,편리한 예금,원터치로 은행안가도 예금들수있어 편합니다,2025-06-13T18:19:59-07:00
다잉다인,5,이체한도,감사합니다.,2025-06-13T18:06:10-07:00
송파 방이동,5,적금,예금적금상품금리,2025-06-13T08:48:06-07:00
아웅이님임,5,오랜 시간 같이한 앱,점점 좋아지고 있는 국민은행앱! 가독성이 점점 좋아지는 것 같아요. 예금적금 상품도 비교분석하기 좋았으면 좋겠어요.,2025-06-13T06:46:31-07:00
choi sanghee,5,스타벤킹,접근성 및 편리성이 뛰어남,2025-06-13T06:24:50-07:00
미~치긋네!!,5,정기예금,뻐르고 편리해요~,2025-06-13T04:57:25-07:00
cgurgnpokmzs,5,국민은행 앱,필요한 업무를 간단하고 빠르게 볼 수 있어서 좋아요 ~^^,2025-06-13T04:35:52-07:00
수지214,1,로그인문제,"아니 요즘 신분증 얼굴 확인이 왠말?
20대때 화장하고 찍은걸 집에서 생얼에 얼굴인식이 될리가ㅡㅡ 귀찮아 아예 가입이안되서",2025-06-13T04:33:53-07:00
고랑께,5,편리합니다,편리합니다,2025-06-13T01:04:04-07:00
러아뉴아류,5,너무 만족해요,친절하게 설명해주셔서 감사합니다,2025-06-13T00:58:42-07:00
duggubi,5,만족,만족,2025-06-13T00:54:04-07:00
리라루리라,5,ㅎㅎ,편하고 좋습니다,2025-06-13T00:06:04-07:00
미소맘1004,5,만족,만족,2025-06-12T23:53:24-07:00
현작,4,잘 사용하고 있어요.,예적금 자동이체 잘쓰고 있어요,2025-06-12T23:45:15-07:00
투샷전문거,4,아이콘을 메인 화면으로 더 크게,"KB스타뱅킹은 다양한 이벤트와 상품에 대한 접근성이 좋긴한데, 예전보다 다소 많은 기능과 상품 정보들로 인해 복잡해졌어요. 가장 많이 사용하는 정보만 하단의 아이콘이 아닌, 메인 화면에 큰 아이콘으로 변경해 주시는 건 어떤가요? 이제 금융앱은 어르신들도 많이 사용한다고 합니다",2025-06-12T23:37:46-07:00
루가랭,5,환전신청,우대환율 받고 좋습니다,2025-06-12T23:30:39-07:00
쉐린맘,5,정기예금,방법이 간단하다.,2025-06-12T23:15:27-07:00
아ㅗ남!,4,간단하여 좋음,간편해서 좋음,2025-06-12T22:49:09-07:00
구갈매gmjy,5,최고에요,케이비 최고,2025-06-12T22:31:08-07:00
의량공주,5,이체한도변경,편리해요,2025-06-12T22:00:37-07:00
님이오신날,5,깔뜸단순,깔끔단수,2025-06-12T21:32:33-07:00
핑쑨이,5,편해요,"잘설명이 된듯해요
가입하기 편해요",2025-06-12T21:22:55-07:00
matwome,5,Good,간편해요,2025-06-12T20:57:13-07:00
mizzang2,5,빠르고 쉬워요.,앱으로 빠르고 쉽게 처리할수 있어요,2025-06-12T20:47:47-07:00
winneyi,5,간편하고 쉬운 gui,직관적인 gui가 편리함.,2025-06-12T19:16:10-07:00
스타적금,5,적금,간단하면서도 빠르게 처리 가능해요 편리해요,2025-06-12T18:55:50-07:00
부산사는맘,5,국민정기예금가입,간편하게모바일로가입~,2025-06-12T18:27:30-07:00
스위티68,5,환전은 언제나 KB,외화 환전은 언제나 KB!!,2025-06-12T17:56:19-07:00
Walker0772,5,환전,편리해요,2025-06-12T17:55:17-07:00
캐논정,5,실행오류 사용불능상태,"iphone6.ios8
업데이트후 부터 실행이 튕겨요??
버그 수정해주세요.",2025-06-12T14:56:00-07:00
가도윤,5,적금하기,다양한상품 으로 만족해요,2025-06-12T07:14:19-07:00
찌1988,5,실손보험 빠른청구,실손보험 빠른청구 메뉴를 잘 사용하고있는데요. 이번주내내 서비스가 일시적으로 지연되고있다면서 사용할수없는 알림문구가 뜹니다. 금방 정상화될줄알았는데 이번주내내 사용불가이네요. 언제쯤 정상화될까요?,2025-06-12T06:48:53-07:00
김체은,5,good 만족합니다,만족합니다,2025-06-12T03:38:29-07:00
콩보리맘,5,적금,편리하고 쉽게 적금가입했어요,2025-06-12T01:32:36-07:00
오지망,5,굿,굿,2025-06-12T00:01:00-07:00
베네치아₩,5,이체,빨라요,2025-06-11T23:01:55-07:00
내마음의상자,4,좋아요,좋아요,2025-06-11T22:20:35-07:00
심심한 앵무새,5,만족해요,어플 사용 편해요,2025-06-11T21:25:50-07:00
먼지 카우 오키,5,영상통화,친절하세요,2025-06-11T20:26:07-07:00
Elly1206,5,비대면 개설 너무 편해요,열심히 모아 보겠습니다,2025-06-11T18:50:38-07:00
요나쓰으으,5,좋아요,편리해요. 만족해요 :),2025-06-11T14:20:23-07:00
kimhs6931,5,한도변경,시스템이 잘 되있어 너무너무 좋아요~~^^,2025-06-11T07:53:55-07:00
일산안토니,5,편리하고 좋아요,간편 편리 신속,2025-06-11T03:57:10-07:00
작은소리님,5,적금가입 쉽게하기,인터넷으로 적금가입을 쉽게 하였습니다.,2025-06-11T03:41:41-07:00
Bringup,5,환전,만족,2025-06-11T03:11:07-07:00
국민을 사랑하자,5,스타뱅킹,너무 좋아용,2025-06-11T02:04:26-07:00
마세라띠,5,굳,굳이에요 개빠룸,2025-06-11T00:11:01-07:00
레이스짱,4,적금가입,간편하게 가입을 할수있어 좋네요.,2025-06-10T23:59:47-07:00
y3315301,5,만족,강추!!,2025-06-10T23:31:06-07:00
환전👍,5,환전,공항에서 바로 수령~권종 선택 가능~너무 편하네요^^,2025-06-10T23:17:10-07:00
정명숙,3,좋아요,ㅎㅎ,2025-06-10T22:21:47-07:00
간디비엠,5,간단하고 너무 좋아요,아주 편안하게 처리했습니다,2025-06-10T22:18:05-07:00
Junnnnayyyyyaas,5,편의,사용하기 편합니다,2025-06-10T21:39:57-07:00
치슈맘,5,빠른서비스 좋은금융상품권유 굿,굿입니다,2025-06-10T20:51:46-07:00
오서서,5,적금,편리하고 간편해요,2025-06-10T20:40:55-07:00
로살리아,5,이체상향,편리해요,2025-06-10T20:31:05-07:00
오기로키운다,5,친절합니다,친절한상담 감사합니다,2025-06-10T20:27:49-07:00
모종박멸,5,간편한 인터페이스 만족스러워요,간편하고 쉽게 회원가입할 수 있었어요,2025-06-10T20:03:15-07:00
SrLrOi,5,예금,좋아요,2025-06-10T19:37:36-07:00
영유마미,5,환전은 국민은행,환전은 국민은행이 제일 편해요 편리한 서비스 너무 감사합니다^^,2025-06-10T19:36:48-07:00
연두맘2,5,^^,^^,2025-06-10T18:56:58-07:00
안변01,5,통장개설,아주 편리하고 쉽게 접근 가능,2025-06-10T18:44:30-07:00
샤미2323,5,애플 하루에 몇번씩 버그,하루에 몇펀씩 접속 불가. 앱 새로 깔아도 마찬가지 당나라 앱,2025-06-10T17:43:40-07:00
비단물고기,5,말해뭐해 국민행복 국민은행,최고 어플,2025-06-10T17:12:42-07:00
eettuujhgds,5,좋아요,좋아요,2025-06-10T16:33:05-07:00
혜르말룡,5,다양한 기능,잘 사용하고 있습니다^^,2025-06-10T13:11:19-07:00
은ㅇㄱ,5,조아요,사용하기 편해요,2025-06-10T11:01:57-07:00
고고고고ㅗ곡링,5,좋아요,좋아요,2025-06-10T07:12:50-07:00
옝꿍,3,와이파이 상태일 때만 로그인됩니다,데이터로는 로그인이 안돼요 예전부터 그랬는데 원래 그런가요﹖ 와이파이로만 들어가지니까 너무 불편해요,2025-06-10T05:33:49-07:00
서은선😘,5,유용하게 잘 쓰고 있어요~~,유용하게 잘쓰고있어용,2025-06-10T05:07:18-07:00
도반탕,5,국민 은행,완전 친철해요 최고 내 은행,2025-06-10T05:05:58-07:00
아델킹,5,굳,굳,2025-06-10T04:31:48-07:00
조(주임),5,앱에 대한 리뷰,편리하고 간편한 kb 스타뱅킹 더나은 서비스 기대하겠습니다.,2025-06-10T04:01:16-07:00
재밋거요 ㅋㅋ,5,Kb,"가입이 편하고 좋아요
대박나세요",2025-06-10T02:40:55-07:00
안혜적,5,빠르고 간편해요,렉하나 없이 빠릿빠릿하게 잘 진행되니까 너무 편하고 좋아요,2025-06-10T01:45:40-07:00
밥그레이,5,가입 쉬워요,편하게 잘했습니다~,2025-06-10T01:14:41-07:00
belove69,5,편리하게,잘 사용합니다.,2025-06-10T00:28:54-07:00
화양구구,5,환전,공항에서 편하게 받는 환전신청 너무 편합니다,2025-06-09T23:43:43-07:00
스타타타핑,5,빠름,조금 렉이 걸리지만 ㄱㅊ,2025-06-09T23:35:11-07:00
woouuzi,5,편한 ui,간결한 처리 쉬운 인터페이스,2025-06-09T23:28:40-07:00
광고가미쳤네,5,빠르게 개설됩니다,빠르게 개설됩니다,2025-06-09T23:25:26-07:00
철강보국,4,이용자 편의성,UI/UX가 개선으로 이용자 편의성이 많이 좋아졌습니다.,2025-06-09T22:52:39-07:00
은빛부활,5,최고,굿,2025-06-09T22:05:58-07:00
postkr,1,"신분증, 얼굴인식 짜증남","겨우겨우 신분증 인식 해놨더니 얼굴인식까지 튀어나오고 인식도 더럽게 안되는데 횟수제한까지 있질않나... 은행을 못가니까 어플을 이용하는건데 인식은 더럽게 안되고 고객확인의무는 저 두개가 안되니까 확인도 안되고.. 개짜증남 진짜.
저번에도 계속 안되서 결국 월차내고 은행갔는데 좀 개선 좀 해요. 진심 욕나옴.. 하",2025-06-09T21:58:28-07:00
서울 이모,5,모바일 서비스 업그레이드,"해외 거주가 꽤 오래 되었는데, 이체 한도 증액도 모바일로 되네요. 많은 서비스들이 모바일로 되니 국민은행 사용이 정말 편리 해 집니다.",2025-06-09T21:31:06-07:00
재욱아내,3,굿,굿,2025-06-09T21:15:25-07:00
알돌달록,5,좋아유,깔끔하고 ㅎㅎ 되는것도 많구 좋습니다,2025-06-09T21:07:47-07:00
모이나,4,좋아요.,간편하고 보안이 좋아요.,2025-06-09T20:53:28-07:00
JIN SHAHU,5,급여계좌 신규,선부동동금센터 유우석 대리. 매우 친절함,2025-06-09T20:49:38-07:00
Blue20153200!,1,햄벅,햄벅💕❤️,2025-06-09T20:14:45-07:00
멍이봄이,5,굿,잼있어요,2025-06-09T20:11:28-07:00
공부 좋아요,4,친절해요~~^^,만족해요^^,2025-06-09T20:04:18-07:00
micamun,5,만족합니다,좋아요,2025-06-09T19:34:38-07:00
내가 너무 내가,5,라뷰,😚,2025-06-09T19:18:28-07:00
햇살방,5,인터넷 예적금,편하고 좋아요!!,2025-06-09T18:05:18-07:00
ㅅ ㅏ기..개,5,만족,굿,2025-06-09T18:05:00-07:00
하나비블루,5,적금가입이 편리,직관적 필요정보만 보며 적금가입이 가능함,2025-06-09T17:27:13-07:00
Demian1423,5,에러가 없어서 좋음,일단 갑자기 꺼지거나 에러나거나 이런거 전혀 없음. 좋음.,2025-06-09T17:07:20-07:00
한 번더!,5,만족,굿,2025-06-09T15:49:06-07:00
도짱님,5,아주친절하게 해주셨어요,아주 친절하게 해주셨어요,2025-06-09T07:53:22-07:00
이우정이,5,조아요,나는조아요,2025-06-09T07:18:43-07:00
피쉬중독,5,어플사용,만족합니다~~ 보기 편해요^^,2025-06-09T03:46:00-07:00
솔지단지,5,해택도 많고 좋아요,항상 애용하고 있습니다,2025-06-09T03:04:12-07:00
캐시받자,3,예금,간편해서 좋아요,2025-06-09T01:09:05-07:00
그린블링,5,특별한적금,나만을위한적금입니다,2025-06-08T23:24:35-07:00
토이영,5,박현규,"은행에 갈 필요없이 편리하게 사용합니다 화면 구성과 폰트도 보기 좋아요
간혹 별 모으는 재미도 있습니다",2025-06-08T22:25:07-07:00
칼잊으마,5,친절하고 좋아요.,맘에 쏙 들어요^^,2025-06-08T22:02:42-07:00
공쥬냥집사,5,지점 안내 감사해요!,"번호표 뽑고 대기 중이었는데, 직원 분 께서 앞으로 환전 신청 하라고 안내해 주셔서 너무 편하게 업무 마쳤습니다. 감사합니다.",2025-06-08T22:01:46-07:00
special jj,5,매일 사용하는 앱,모바일로 뱅킹업무를 보다보니 매일 kb스타뱅킹 앱을 사용하고 있습니다 다채로운 정보도 접하고 사용이 편리해서 만족하며 사용중입니다,2025-06-08T21:56:21-07:00
아니보리,5,편리해요,환전 및 이체에 용이해여,2025-06-08T21:56:08-07:00
jaesooa,5,너무 좋아요. 편리해졌어요 너무 너무 편해요,좋아요,2025-06-08T21:52:46-07:00
Soniayoon,5,정기예금,은행문 열기전에 가입힐수 있어서만족해요,2025-06-08T21:34:33-07:00
고려왕김유신,5,상담사 칭찬,"최영훈 상담원 상담을 매우 친절히
해주셔서 중간에 어려움을 모두 해결했습니다 매우칭찬드립니다",2025-06-08T21:05:55-07:00
llmmjjll,5,편리합니다,최고입니다,2025-06-08T21:04:49-07:00
알고잡은남,5,이체상향,쉽고 편해 좋아유,2025-06-08T21:01:35-07:00
국민은행사용자1,5,적금 및 예금 상담,"상담해주신 선생님들 모두 친절하시고 핸드폰으로 바로바로 가입 가능해서 너무 편하고 좋았습니다 
감사합니다",2025-06-08T21:01:27-07:00
우파루 조아,5,환전,간편 환전 공항 수령. ㅕㄴ인함,2025-06-08T20:35:37-07:00
울프 홍,5,간편하고  편리합니다,서비스 편리랍니다,2025-06-08T20:24:26-07:00
temple999,5,환전신청,친절해요,2025-06-08T20:17:39-07:00
마왕흑기사,5,적그,간단하게 가입가능해서 좋아요,2025-06-08T20:05:57-07:00
Raccoon-dog,5,첫월급계좌개설부터,함께해온 KB국민은행 이젠 모바일어플 통해 거의 모든 은행업무를 보고있는데 여러모로 쉽고 빠르게 하고 있습니다~,2025-06-08T19:54:23-07:00
용미리,4,첫번째,"한번해보니쉽게가입할수있내요 ^^
편하게가입할수있어서좋와요",2025-06-08T13:23:44-07:00
민쟈스민,5,쳇봇 이용편리 감사,편하게 쉽게 상담해주셔서 감사합니다.,2025-06-08T10:47:03-07:00
ajagrace,5,좋습니다!,"찾기
편해요!!!",2025-06-08T06:41:27-07:00
국민블리,5,편리 최고 국민은행!,항상 편리하게 사용해요 감사해요,2025-06-08T05:39:26-07:00
93268582,5,굿,굿,2025-06-08T04:47:22-07:00
채쭌짱,5,굿,굿,2025-06-07T22:44:33-07:00
Apriloh,5,국민은행 App,간편하고 편리해서 좋아요~*,2025-06-07T17:45:45-07:00
구입목록 삭제좀하옴746,5,kb 국민은행  좋아요,대한민국 은행 국민은행,2025-06-07T14:43:33-07:00
여행주의자,5,편리함,여유자금을 단기간으로 은행에 직접 가지 않고도 자유롭게 이용할 수 있어서 편리합니다.,2025-06-07T03:13:28-07:00
이선우 7799,5,굿,굿,2025-06-07T02:58:48-07:00
takeitaway97,5,외환이지송금서비스 넘 좋네요,소액 송금할 때 너무 편리하네요 간편한 입력으로 송금완료 해외송금 많이 하시는 분들 꼭 사용해보세요,2025-06-07T02:16:40-07:00
혀긴,2,은행계좌 비밀번호 초기화 설정,되는지 모르겠음,2025-06-07T02:08:36-07:00
신강적,5,편리함,언제든 시간과 장소 없이 할수있어 편리함,2025-06-07T00:12:32-07:00
Redpia,5,업데이트 오류,든든인증인가 업데이트 됐는데 아이폰에서 올레인증으로 로그인했었는데 안돼네요. ㅠ,2025-06-06T17:57:06-07:00
피클러,5,Good,풍차 적금 하려 합니다,2025-06-06T17:00:45-07:00
Yerimkwon,5,굿,굿,2025-06-06T16:58:46-07:00
Tiger Seo,5,장기미체 해제 과정,간편합니다,2025-06-06T16:25:55-07:00
미민2,5,사용하기 편해요,자주 애용하고 있습니다.,2025-06-06T09:44:09-07:00
영굴몬,5,편리해요,만족이여,2025-06-06T08:31:34-07:00
